Title,Season,Episode,Date
"Halo: The Fall of Reach","\N","\N","1/7/20"
"Don't F**k with Cats: Hunting an Internet Killer: Limited Series: Closing the Net","\N","\N","1/2/20"
"Don't F**k with Cats: Hunting an Internet Killer: Limited Series: Killing for Clicks","\N","\N","1/2/20"
"Don't F**k with Cats: Hunting an Internet Killer: Limited Series: Cat and Mouse","\N","\N","1/2/20"
"The Terminal","\N","\N","12/27/19"
"I, Tonya","\N","\N","12/26/19"
"Arthur Christmas","\N","\N","12/26/19"
"The Matrix","\N","\N","12/11/19"
"Shrek 2","\N","\N","12/10/19"
"Liar's Dice","\N","\N","12/3/19"
"Fun with Dick & Jane","\N","\N","12/3/19"
"Liar Liar","\N","\N","12/3/19"
"The Happytime Murders","\N","\N","11/25/19"
"Ghost Pain","\N","\N","11/17/19"
"Klaus","\N","\N","11/15/19"
"Kill Bill: Vol. 1","\N","\N","4/27/19"
"Gad Elmaleh: American Dream","\N","\N","4/25/19"
"Black Mirror: Bandersnatch","\N","\N","4/18/19"
"Kubo and the Two Strings","\N","\N","4/7/19"
"Charlie and the Chocolate Factory","\N","\N","2/10/19"
"John Wick","\N","\N","2/9/19"
"Inglourious Basterds","\N","\N","2/9/19"
"The Incredibles 2","\N","\N","2/8/19"
"Mowgli: Legend of the Jungle","\N","\N","1/17/19"
"Bird Box","\N","\N","1/17/19"
"Warcraft","\N","\N","12/25/18"
"Mute","\N","\N","10/26/18"
"Wheelman","\N","\N","10/26/18"
"Illang: The Wolf Brigade","\N","\N","10/26/18"
"The Ritual","\N","\N","10/20/18"
"Animal World","\N","\N","10/20/18"
"The Inexplicable Universe with Neil deGrasse Tyson: Unsolved Mysteries: History's Mysteries","\N","\N","10/20/18"
"Hold the Dark","\N","\N","10/20/18"
"Black Panther","\N","\N","10/20/18"
"War on Everyone","\N","\N","10/19/18"
"Planet Earth II: Islands","\N","\N","10/19/18"
"Stasis","\N","\N","10/18/18"
"The Rift: The Dark Side of the Moon","\N","\N","10/17/18"
"The Bad Batch","\N","\N","10/17/18"
"Extinction","\N","\N","10/16/18"
"How It Ends","\N","\N","10/14/18"
"The Rebound","\N","\N","8/24/18"
"Hot Bot","\N","\N","8/24/18"
"iBOY","\N","\N","8/24/18"
"Flavors of Youth: International Version","\N","\N","8/16/18"
"Rocco","\N","\N","8/14/18"
"Liberated: The New Sexual Revolution","\N","\N","8/12/18"
"After Porn Ends","\N","\N","8/12/18"
"Amar","\N","\N","8/12/18"
"Blue Lagoon: The Awakening","\N","\N","8/12/18"
"Suicide Squad","\N","\N","7/24/18"
"Ghostbusters","\N","\N","7/14/18"
"Kung Fu Panda 3","\N","\N","7/11/18"
"Justice League: Gods & Monsters","\N","\N","7/9/18"
"Batman v Superman: Dawn of Justice","\N","\N","7/8/18"
"Okja","\N","\N","7/8/18"
"TAU","\N","\N","7/8/18"
"Tag","\N","\N","7/5/18"
"God of War","\N","\N","7/5/18"
"Chronicles of the Ghostly Tribe","\N","\N","7/5/18"
"Oceans Rising","\N","\N","7/5/18"
"The Darkest Dawn","\N","\N","7/5/18"
"District 9","\N","\N","7/2/18"
"LEGO House - Home of the Brick","\N","\N","7/2/18"
"The Cloverfield Paradox","\N","\N","6/5/18"
"Daemonium","\N","\N","6/5/18"
"The Angry Birds Movie","\N","\N","5/12/18"
"Transformers: The Last Knight","\N","\N","3/15/18"
"Look Who's Back","\N","\N","3/2/18"
"Naked","\N","\N","3/2/18"
"Django Unchained","\N","\N","3/2/18"
"Hotel Transylvania","\N","\N","2/28/18"
"Minions","\N","\N","2/28/18"
"Teenage Mutant Ninja Turtles 2","\N","\N","2/28/18"
"The Road to El Dorado","\N","\N","2/28/18"
"Megamind","\N","\N","2/28/18"
"Big Hero 6","\N","\N","2/28/18"
"Moana","\N","\N","2/28/18"
"Full Out","\N","\N","2/28/18"
"Conan the Barbarian","\N","\N","2/21/18"
"FullMetal Alchemist","\N","\N","2/20/18"
"Jurassic World","\N","\N","2/18/18"
"Fury","\N","\N","2/16/18"
"Underdogs","\N","\N","2/5/18"
"Pete's Dragon","\N","\N","2/5/18"
"Ghost Tears","\N","\N","2/3/18"
"Ghost Whispers","\N","\N","2/3/18"
"Ghost in the Shell","\N","\N","2/2/18"
"ID-0: シーズン1: DIG 11 INNOCENT ORBIT","\N","\N","2/1/18"
"ID-0: シーズン1: DIG 10 COMPRESSED SIN","\N","\N","1/31/18"
"ID-0: シーズン1: DIG 09 SEEKING THE TRUTH","\N","\N","1/31/18"
"ID-0: シーズン1: DIG 08 CRACKING THE FLAIR","\N","\N","1/31/18"
"ID-0: シーズン1: DIG 07 OVERSTEPPING","\N","\N","1/31/18"
"ID-0: シーズン1: DIG 06 THE OBSERVER","\N","\N","1/31/18"
"ID-0: シーズン1: DIG 05 ORE WITH FREE WILL","\N","\N","1/30/18"
"ID-0: シーズン1: DIG 04 SINGULAR TACTICS","\N","\N","1/30/18"
"ID-0: シーズン1: DIG 03 MIGUEL LINE","\N","\N","1/30/18"
"ID-0: シーズン1: DIG 02 FORMLESS MINERALS","\N","\N","1/30/18"
"ID-0: シーズン1: DIG 01 MIND TRANCE","\N","\N","1/30/18"
"Sicario","\N","\N","1/25/18"
"Terminator 2: Judgment Day","\N","\N","1/25/18"
"Kung Fu Panda","\N","\N","1/25/18"
"The Human Centipede: First Sequence","\N","\N","1/14/18"
"Bright","\N","\N","12/25/17"
"Snowpiercer","\N","\N","11/30/17"
"Spectral","\N","\N","11/30/17"
"Harlock: Space Pirate","\N","\N","11/30/17"
"Star Wars: The Force Awakens (Canadian French Version)","\N","\N","11/30/17"
"Approaching the Unknown","\N","\N","11/29/17"
"Star Trek Beyond","\N","\N","11/29/17"
"Kill Command","\N","\N","11/29/17"
"The Chronicles of Riddick","\N","\N","11/28/17"
"Captain America: Civil War","\N","\N","11/28/17"
"LEGO: Marvel Super Heroes: Maximum Overload","\N","\N","11/28/17"
"Captain America: The Winter Soldier","\N","\N","11/28/17"
"Captain America: The First Avenger","\N","\N","11/26/17"
"Star Wars: Episode VII: The Force Awakens","\N","\N","11/26/17"
"Rogue One: A Star Wars Story","\N","\N","11/26/17"
"Jim & Andy: The Great Beyond - Featuring a Very Special, Contractually Obligated Mention of Tony Clifton","\N","\N","11/26/17"
"Brian Regan: Nunchucks and Flamethrowers","\N","\N","11/26/17"
"The Babysitter","\N","\N","11/21/17"
"Arrival","\N","\N","11/21/17"
"Golden Time","\N","\N","11/20/17"
"Jetsons: The Movie","\N","\N","11/16/17"
"Deadpool","\N","\N","11/16/17"
"Megan Leavey","\N","\N","11/16/17"
"World War II in Colour: The Gathering Storm","\N","\N","11/13/17"
"Seven Pounds","\N","\N","11/13/17"
"The Pursuit of Happyness","\N","\N","11/13/17"
"Think Like a Man","\N","\N","11/13/17"
"Hitch","\N","\N","11/13/17"
"BoJack Horseman Christmas Special: Sabrina's Christmas Wish","\N","\N","11/12/17"
"Logan","\N","\N","11/10/17"
"BLAME!","\N","\N","11/6/17"
"Beyond Stranger Things: Beyond 2: Mind Blown","\N","\N","11/1/17"
"HALO Legends","\N","\N","10/25/17"
"GANTZ:O","\N","\N","10/24/17"
"It's Complicated","\N","\N","10/18/17"
"Lo and Behold: Reveries of the Connected World","\N","\N","10/8/17"
"Atari: Game Over","\N","\N","10/8/17"
"Cézanne et moi","\N","\N","10/8/17"
"You Get Me","\N","\N","10/5/17"
"Vegucated","\N","\N","10/2/17"
"Fittest on Earth: A Decade of Fitness","\N","\N","9/30/17"
"Escorts","\N","\N","9/27/17"
"First They Killed My Father","\N","\N","9/22/17"
"Banking on Bitcoin","\N","\N","9/17/17"
"Betting on Zero","\N","\N","9/17/17"
"Assassin's Creed","\N","\N","9/3/17"
"What the Health","\N","\N","9/3/17"
"Cowspiracy: The Sustainability Secret","\N","\N","8/28/17"
"The Fantastic Mr. Feynman","\N","\N","8/28/17"
"The Armstrong Lie","\N","\N","8/24/17"
"Mad Max: Fury Road","\N","\N","8/24/17"
"The Incredible Hulk","\N","\N","8/22/17"
"Jurassic Park","\N","\N","8/21/17"
"The Lost World: Jurassic Park","\N","\N","8/21/17"
"Dawn of the Planet of the Apes","\N","\N","8/20/17"
"Forks Over Knives","\N","\N","8/17/17"
"The Founder","\N","\N","8/11/17"
"Justice League vs Teen Titans","\N","\N","8/11/17"
"Good Will Hunting","\N","\N","8/6/17"
"The Truman Show","\N","\N","8/6/17"
"Tron: Legacy","\N","\N","7/29/17"
"Bruce Almighty","\N","\N","7/29/17"
"Pixels","\N","\N","7/29/17"
"Batman: Bad Blood","\N","\N","7/23/17"
"Heavy Metal","\N","\N","7/22/17"
"Chris D'Elia: Man on Fire","\N","\N","6/30/17"
"X-Men: Apocalypse","\N","\N","6/30/17"
"Inside Out","\N","\N","6/28/17"
"Elysium","\N","\N","6/28/17"
"Finding Dory","\N","\N","6/27/17"
"Jim Gaffigan: Cinco","\N","\N","6/27/17"
"John Mulaney: The Comeback Kid","\N","\N","6/24/17"
"Nine Lives","\N","\N","6/24/17"
"Looper","\N","\N","6/15/17"
"What's with Wheat","\N","\N","6/14/17"
"Monty Python's The Meaning of Life","\N","\N","6/14/17"
"Doctor Strange","\N","\N","6/12/17"
"Bang Gang","\N","\N","6/9/17"
"I Believe in Unicorns","\N","\N","6/9/17"
"She's Lost Control","\N","\N","6/9/17"
"Sex in the Comix","\N","\N","6/9/17"
"The Man Who Knew Infinity","\N","\N","6/8/17"
"Chappie","\N","\N","6/8/17"
"That Sugar Film","\N","\N","6/6/17"
"Funny or Die Presents: Donald Trump's The Art of the Deal: The Movie","\N","\N","6/4/17"
"(Dis)Honesty: The Truth About Lies","\N","\N","6/4/17"
"The Human Experiment","\N","\N","6/4/17"
"Dr. Seuss' The Lorax","\N","\N","6/4/17"
"Minimalism: A Documentary About the Important Things","\N","\N","6/3/17"
"My Sex Robot","\N","\N","6/3/17"
"Fat, Sick & Nearly Dead","\N","\N","5/31/17"
"Fed Up","\N","\N","5/29/17"
"In Defense of Food","\N","\N","5/28/17"
"War of the Buttons","\N","\N","5/27/17"
"K: The Complete Series: Knight","\N","\N","5/27/17"
"Expelled from Paradise","\N","\N","5/25/17"
"Where to Invade Next","\N","\N","5/24/17"
"The Martian","\N","\N","5/22/17"
"The Breakfast Club","\N","\N","5/16/17"
"Gunslinger Girl: Fratello (Siblings)","\N","\N","5/14/17"
"Cheatin'","\N","\N","5/14/17"
"Terminator Genisys","\N","\N","5/13/17"
"Jupiter Ascending","\N","\N","5/13/17"
"Mechanic: Resurrection","\N","\N","5/13/17"
"Independence Day: Resurgence","\N","\N","5/12/17"
"Guardians of the Galaxy","\N","\N","5/12/17"
"No Reservations","\N","\N","5/6/17"
"Blue Is the Warmest Color","\N","\N","5/6/17"
"Drive","\N","\N","5/6/17"
"The Blue Room","\N","\N","5/6/17"
"The Chosen Ones","\N","\N","5/6/17"
"The Treacherous","\N","\N","5/6/17"
"White Girl","\N","\N","5/6/17"
"The Housemaid","\N","\N","5/6/17"
"Young & Beautiful","\N","\N","5/6/17"
"Dave Chappelle: Collection: The Age of Spin: Dave Chappelle Live at The Hollywood Palladium","\N","\N","5/5/17"
"Battleship","\N","\N","5/5/17"
"Interstellar","\N","\N","5/2/17"
"The Dark Knight","\N","\N","5/2/17"
"Hancock","\N","\N","4/23/17"
"Ascension: Chapter One, Part 1","\N","\N","4/21/17"
"13TH","\N","\N","4/19/17"
"Selma","\N","\N","4/19/17"
"Louis C.K. 2017","\N","\N","4/8/17"
"American Pie Presents: Band Camp","\N","\N","4/2/17"
"Bon Cop, Bad Cop","\N","\N","3/24/17"
"Mystery Science Theater 3000 Collection : Classic: Collection 1: Manos: The Hands of Fate","\N","\N","3/19/17"
"Mike Birbiglia: What I Should Have Said Was Nothing: Tales from My Secret Public Journal","\N","\N","3/16/17"
"Hardcore Henry","\N","\N","3/1/17"
"Batman vs. Robin","\N","\N","2/12/17"
"ParaNorman","\N","\N","2/11/17"
"Bill Burr: Walk Your Way Out","\N","\N","2/11/17"
"Mars Needs Moms!","\N","\N","12/4/16"
"The Big Short","\N","\N","11/30/16"
"Happy Tree Friends: One Foot in the Grave","\N","\N","11/28/16"
"Food Choices","\N","\N","11/23/16"
"Gilmore Girls: A Year In The Life (Trailer)","\N","\N","11/20/16"
"I Am Your Father","\N","\N","11/13/16"
"Laurence Anyways","\N","\N","11/8/16"
"Amanda Knox","\N","\N","11/8/16"
"The Ivory Game","\N","\N","11/8/16"
"The Crown - Motion Video -  1 loop","\N","\N","11/8/16"
"True Memoirs of an International Assassin - Motion Video - 1loop","\N","\N","11/7/16"
"The Last Days on Mars","\N","\N","11/5/16"
"The Nightmare Before Christmas","\N","\N","10/31/16"
"Eddie Murphy: Delirious","\N","\N","10/30/16"
"The Siege of Jadotville - Motion Video - 1 loop","\N","\N","10/29/16"
"The Boy and the Beast","\N","\N","10/21/16"
"Ridiculous Six: Motion Video - 1loop","\N","\N","10/19/16"
"Serenity","\N","\N","10/11/16"
"The 100-Year-Old Man Who Climbed Out of the Window and Disappeared","\N","\N","10/11/16"
"The Siege of Jadotville","\N","\N","10/10/16"
"The Amazing Spider-Man 2","\N","\N","10/3/16"
"Dr. Seuss' The Cat in the Hat","\N","\N","9/22/16"
"Flubber","\N","\N","9/22/16"
"ARQ","\N","\N","9/22/16"
"Pulp Fiction","\N","\N","9/21/16"
"Mushi-Shi: Mushi-Shi: Next Passage: Banquet at the Forest's Edge","\N","\N","9/20/16"
"Louis C.K.: Hilarious","\N","\N","9/20/16"
"Star Trek: First Contact","\N","\N","9/13/16"
"The Peanuts Movie","\N","\N","9/12/16"
"Teenage Mutant Ninja Turtles","\N","\N","9/12/16"
"Kung Fu Panda: Secrets of the Scroll","\N","\N","9/12/16"
"Fittest on Earth 2015","\N","\N","9/11/16"
"No Filter","\N","\N","9/11/16"
"Poverty, Inc.","\N","\N","9/10/16"
"Sugar Coated","\N","\N","9/10/16"
"Inception","\N","\N","9/9/16"
"The Wolf of Wall Street","\N","\N","9/7/16"
"Synchronicity","\N","\N","9/5/16"
"Confessions of a Brazilian Call Girl","\N","\N","9/5/16"
"Love Steaks","\N","\N","9/5/16"
"Puella Magi Madoka Magica the Movie: Rebellion","\N","\N","8/30/16"
"Jeff Foxworthy and Larry the Cable Guy: We’ve Been Thinking...","\N","\N","8/30/16"
"Willie Barcena: The Truth Hurts","\N","\N","8/21/16"
"Bo Burnham: Make Happy","\N","\N","8/21/16"
"Bill Burr: I'm Sorry You Feel That Way","\N","\N","8/21/16"
"Jimmy Carr: Funny Business","\N","\N","8/20/16"
"Jim Jefferies : BARE","\N","\N","8/20/16"
"Jim Jefferies: Freedumb","\N","\N","8/20/16"
"Jeremy Scott: The People's Designer","\N","\N","8/18/16"
"Side Effects","\N","\N","8/17/16"
"The Forger","\N","\N","8/17/16"
"009-1:  The End of the Beginning","\N","\N","8/17/16"
"The Call","\N","\N","8/17/16"
"The Girl with the Dragon Tattoo","\N","\N","8/10/16"
"Minority Report","\N","\N","8/10/16"
"X-Men: Vol. 4: Beyond Good & Evil: End & The Beginning","\N","\N","8/7/16"
"X-Men: Vol. 4: Beyond Good & Evil: Lazarus Chamber","\N","\N","8/7/16"
"X-Men: Vol. 4: Beyond Good & Evil: Promise Of Apocalypse","\N","\N","8/7/16"
"X-Men: Vol. 4: Beyond Good & Evil: The End of Time","\N","\N","8/7/16"
"The Secret Rules of Modern Living: Algorithms","\N","\N","8/7/16"
"The Godfather","\N","\N","8/7/16"
"V for Vendetta","\N","\N","8/5/16"
"The Usual Suspects","\N","\N","8/4/16"
"Ghostbusters","\N","\N","7/24/16"
"The Hunger Games: Mockingjay - Part 2","\N","\N","7/24/16"
"The Smurfs","\N","\N","7/24/16"
"No Escape","\N","\N","7/10/16"
"Superman/Batman: Apocalypse","\N","\N","7/9/16"
"Manson Family Vacation","\N","\N","7/9/16"
"Terminus","\N","\N","7/9/16"
"The Fundamentals of Caring","\N","\N","7/2/16"
"Dear Mr. Watterson","\N","\N","6/25/16"
"Conspiracy Theory: Did We Land On The Moon?","\N","\N","6/18/16"
"The Lord of the Rings: The Two Towers","\N","\N","6/15/16"
"The Lord of the Rings: The Return of the King","\N","\N","6/15/16"
"Batteries Not Included","\N","\N","6/13/16"
"Valley Uprising","\N","\N","6/12/16"
"Wonder Woman","\N","\N","6/10/16"
"The Last Man on the Moon","\N","\N","6/5/16"
"Paradox","\N","\N","6/5/16"
"Hitman: Agent 47","\N","\N","6/5/16"
"Kung Fury","\N","\N","6/5/16"
"Edge of Tomorrow","\N","\N","6/1/16"
"Iron Man","\N","\N","5/25/16"
"Superman vs. The Elite","\N","\N","5/23/16"
"Avengers: Age of Ultron","\N","\N","5/23/16"
"Special Correspondents","\N","\N","5/5/16"
"The Gambler","\N","\N","4/30/16"
"The Interview","\N","\N","4/14/16"
"Louis C.K.: Live at the Beacon Theater","\N","\N","4/10/16"
"Anthony Jeselnik: Thoughts and Prayers","\N","\N","4/9/16"
"Friends with Benefits","\N","\N","4/7/16"
"A Teacher","\N","\N","4/7/16"
"Anatomy of a Love Seen","\N","\N","4/7/16"
"Tomorrowland","\N","\N","4/4/16"
"A Good Man","\N","\N","4/3/16"
"The Overnight","\N","\N","3/31/16"
"The Marine 4: Moving Target","\N","\N","3/31/16"
"Pumping Iron","\N","\N","2/20/16"
"Tenured","\N","\N","2/20/16"
"Machete Kills","\N","\N","2/8/16"
"The Seven Deadly Sins: The Sin in the Sleeping Forest","\N","\N","2/8/16"
"The Seven Deadly Sins: The Sword of the Holy Knight","\N","\N","2/8/16"
"The Seven Deadly Sins: The Seven Deadly Sins","\N","\N","2/8/16"
"Leap Year","\N","\N","2/6/16"
"Staten Island Summer","\N","\N","1/23/16"
"Oblivion","\N","\N","1/9/16"
"Battle: Los Angeles","\N","\N","1/9/16"
"Terminator Salvation","\N","\N","1/7/16"
"The Captains","\N","\N","1/7/16"
"Devil's Pass","\N","\N","12/25/15"
"It Follows","\N","\N","12/25/15"
"Starship Troopers: Invasion","\N","\N","12/25/15"
"Star Trek: Nemesis","\N","\N","12/25/15"
"Star Trek: Generations","\N","\N","12/25/15"
"Star Trek: Insurrection","\N","\N","12/24/15"
"Star Trek Into Darkness","\N","\N","12/24/15"
"Kick-Ass 2","\N","\N","12/17/15"
"The Amazing Spider-Man","\N","\N","12/16/15"
"Superman Doomsday","\N","\N","12/13/15"
"The Imitation Game","\N","\N","12/10/15"
"The Hunger Games: Catching Fire","\N","\N","12/6/15"
"The Hunger Games","\N","\N","12/6/15"
"Man of Steel","\N","\N","12/5/15"
"Amélie","\N","\N","11/22/15"
"Batman: Assault on Arkham","\N","\N","11/18/15"
"I Am Legend","\N","\N","11/18/15"
"Batman Begins","\N","\N","11/14/15"
"Astérix: The Mansion of the Gods","\N","\N","11/5/15"
"Hellboy","\N","\N","10/29/15"
"Angels of Sex","\N","\N","10/28/15"
"The Hunger Games: Mockingjay - Part 1","\N","\N","10/23/15"
"The SpongeBob Movie: Sponge Out of Water","\N","\N","10/19/15"
"LEGO: City","\N","\N","10/18/15"
"Come Undone","\N","\N","10/17/15"
"A Night with the Stars: The Science of Doctor Who","\N","\N","10/16/15"
"Alien Outpost","\N","\N","9/29/15"
"SMOSH: The Movie","\N","\N","9/27/15"
"A Perfect Ending","\N","\N","9/19/15"
"JLA Adventures: Trapped in Time","\N","\N","9/18/15"
"Batman: Mystery of the Batwoman","\N","\N","9/15/15"
"Superman: Unbound","\N","\N","9/15/15"
"Batman: Year One","\N","\N","9/12/15"
"Son of Batman","\N","\N","9/12/15"
"Justice League: The New Frontier","\N","\N","9/12/15"
"Justice League: War","\N","\N","9/12/15"
"Justice League: The Flashpoint Paradox","\N","\N","9/12/15"
"Justice League: Crisis on Two Earths","\N","\N","9/9/15"
"Hot Fuzz","\N","\N","9/8/15"
"The Wolverine","\N","\N","8/25/15"
"X-Men: First Class","\N","\N","8/24/15"
"X-Men: Days of Future Past","\N","\N","8/23/15"
"Just Friends","\N","\N","8/10/15"
"Paul","\N","\N","8/3/15"
"Jim Gaffigan: Mr. Universe","\N","\N","6/20/15"
"Scary Movie 5","\N","\N","6/13/15"
"Freezing: Untouchable Queen","\N","\N","6/6/15"
"Hot Girls Wanted","\N","\N","6/6/15"
"The Boxtrolls","\N","\N","5/24/15"
"My Awkward Sexual Adventure","\N","\N","5/14/15"
"Samurai Champloo: Tempestuous Temperaments","\N","\N","5/12/15"
"Fullmetal Alchemist: The Sacred Star of Milos","\N","\N","5/12/15"
"21 & Over","\N","\N","5/7/15"
"Jailbait","\N","\N","5/6/15"
"TEDTalks: Space Trek: Space Trek: Carolyn Porco Flies Us to Saturn","\N","\N","4/21/15"
"TEDTalks: Space Trek: Space Trek: Jill Tarter's Call to Join the SETI Search","\N","\N","4/21/15"
"Breaking the Girls","\N","\N","4/8/15"
"War of the Worlds: Goliath","\N","\N","3/22/15"
"The Fifth Element","\N","\N","3/14/15"
"Psycho-Pass: Return of the Psychotic Prince","\N","\N","3/12/15"
"Conan the Barbarian","\N","\N","3/2/15"
"Adult World","\N","\N","3/1/15"
"Hick","\N","\N","3/1/15"
"City of God","\N","\N","2/22/15"
"The Grand Budapest Hotel","\N","\N","2/22/15"
"28 Hotel Rooms","\N","\N","2/22/15"
"Blue Valentine","\N","\N","2/22/15"
"In Time","\N","\N","2/22/15"
"Bleach the Movie: Hell Verse","\N","\N","2/21/15"
"A Fierce Green Fire","\N","\N","2/14/15"
"Justice League: Doom","\N","\N","2/14/15"
"Trigun: Badlands Rumble","\N","\N","2/7/15"
"Lady Ninja Kaede 2","\N","\N","2/7/15"
"Heavenly Sword","\N","\N","2/7/15"
"Black Butler: Black Butler II: Clawed Butler","\N","\N","1/28/15"
"LEGO Batman: The Movie","\N","\N","1/26/15"
"Cruel Intentions","\N","\N","1/26/15"
"Into the Blue","\N","\N","1/26/15"
"Sexual Chronicles of a French Family","\N","\N","1/25/15"
"The Inbetweeners","\N","\N","1/25/15"
"Halo 4: Forward Unto Dawn","\N","\N","1/24/15"
"Johnny English Reborn","\N","\N","1/23/15"
"The Starving Games","\N","\N","1/23/15"
"Team America: World Police","\N","\N","1/23/15"
"Lust of the Dead 2","\N","\N","1/18/15"
"Lust of the Dead","\N","\N","1/17/15"
"Bronies: The Extremely Unexpected Adult Fans of My Little Pony","\N","\N","1/15/15"
"Zack and Miri Make a Porno","\N","\N","1/15/15"
"La Bare","\N","\N","1/15/15"
"Unhung Hero","\N","\N","1/15/15"
"Sex: My British Job","\N","\N","1/15/15"
"Nymphomaniac: Volume II","\N","\N","1/15/15"
"Ted","\N","\N","1/11/15"
"STEINS;GATE: Steins;Gate: Rendezvous of Electrical Charge Conflict","\N","\N","1/11/15"
"STEINS;GATE: Steins;Gate: Rendezvous of Abstract Fluctuation","\N","\N","1/11/15"
"STEINS;GATE: Steins;Gate: Paranoia of Parallel Process","\N","\N","1/11/15"
"STEINS;GATE: Steins;Gate: Paranoia of Time Leaps","\N","\N","1/11/15"
"STEINS;GATE: Steins;Gate: Prologue of the Beginning and End","\N","\N","1/11/15"
"Celebrity Sex Tape","\N","\N","1/9/15"
"Irréversible","\N","\N","1/9/15"
"Psycho-Pass: Crime Coefficient","\N","\N","1/4/15"
"Lovelace","\N","\N","1/4/15"
"The Workshop","\N","\N","12/31/14"